{
    "mae_train": 0.2090374091181419,
    "mae_test": 0.2640749760894734,
    "rmse_train": 0.3498557339513527,
    "rmse_test": 0.45419920620028953,
    "r2_train": 0.7964030693742228,
    "r2_test": 0.6772920605212664,
    "mae_gap_percent": 26.329051437977714,
    "rmse_gap_percent": 29.82471405297754,
    "suspicious_features": [],
    "ks_test_pvalue": 0.003000520830971425
}