{
    "mae_train": 0.23622571797379383,
    "mae_test": 0.250872631990593,
    "rmse_train": 0.4303192391843868,
    "rmse_test": 0.43290766930160285,
    "r2_train": 0.6919829473055406,
    "r2_test": 0.7068381402443236,
    "mae_gap_percent": 6.200389247382484,
    "rmse_gap_percent": 0.6015139183927894,
    "suspicious_features": [],
    "ks_test_pvalue": 0.003000520830971425
}