{
    "n_estimators": 500,
    "learning_rate": 0.013553504393232899,
    "num_leaves": 46,
    "max_depth": 11,
    "min_child_samples": 48,
    "subsample": 0.818445739751383,
    "colsample_bytree": 0.8069257068281676,
    "reg_alpha": 2.511768215576015e-06,
    "reg_lambda": 4.7721705830499275,
    "min_split_gain": 0.025587356533408125,
    "objective": "regression",
    "metric": "mae",
    "verbosity": -1,
    "random_state": 42,
    "n_jobs": -1,
    "force_col_wise": true,
    "boosting_type": "gbdt",
    "_is_pipeline": false
}