{
    "mae_train": 0.3321680944835464,
    "mae_test": 0.3406960583223774,
    "rmse_train": 0.5444307686451123,
    "rmse_test": 0.5190435122352068,
    "r2_train": 0.5069640842964498,
    "r2_test": 0.578570975829148,
    "mae_gap_percent": 2.5673639282214253,
    "rmse_gap_percent": -4.663082594153339,
    "suspicious_features": [],
    "ks_test_pvalue": 0.003000520830971425
}